account_id,account_name,total_transactions,total_sent_transactions,total_received_transactions,total_amount_sent,total_amount_received,average_transaction_amount,average_daily_amount,maximum_transaction_amount,minimum_transaction_amount,night_transactions,frequent_receiver,frequent_receiver_count,fraud_transactions
A0001,Rahul Sharma,182,90,92,437114,666545,4856.82,5604.03,105158,192,30,A0335,3,3
A0002,Charan Nair,178,88,90,436980,521278,4965.68,5602.31,123537,248,43,A0275,2,2
A0003,BBMP,187,101,86,544134,1637722,5387.47,5979.49,168192,64,38,A0007,3,2
A0004,Amit Verma,148,73,75,5775524,4116002,79116.77,84934.18,389436,282,24,A0466,2,38
A0005,Meera Shetty,199,109,90,964423,1230192,8847.92,9942.51,443126,196,35,A0110,3,3
A0006,Meera Singh,176,95,81,2061569,1500384,21700.73,26773.62,469218,156,31,A0114,2,8
A0007,BWSSB,219,77,142,336159,2100351,4365.7,4734.63,72163,70,24,A0472,2,2
A0008,Kiran Rao,189,126,63,1418613,712874,11258.83,13510.6,393302,95,41,A0309,3,7
A0009,Rohan Patel,216,123,93,1131905,863661,9202.48,10678.35,242877,63,36,A0170,4,4
A0010,Priya Gupta,168,99,69,678949,692333,6858.07,7460.98,341644,77,33,A0239,2,2
A0011,Kavya Verma,181,114,67,7109512,3835518,62364.14,72546.04,434963,172,36,A0227,3,51
A0012,CityWater,246,87,159,1047419,3494120,12039.3,14348.21,393606,81,22,A0084,3,4
A0013,Deepa Kulkarni,163,82,81,1024591,1041032,12495.01,13306.38,393583,60,33,A0456,2,3
A0014,Sneha Verma,186,101,85,432469,1439172,4281.87,4914.42,101845,85,35,A0341,3,2
A0015,BBMP,176,104,72,921972,636250,8865.12,10244.13,171489,66,26,A0291,2,5
A0016,Amit Gupta,163,83,80,1455627,1437792,17537.67,18425.66,477022,114,19,A0053,2,5
A0017,Manoj Gupta,186,93,93,1563264,932742,16809.29,18834.51,459282,186,41,A0198,2,6
A0018,Vikram Gupta,168,103,65,1287062,769077,12495.75,13548.02,319784,140,31,A0403,3,5
A0019,PowerGrid,241,88,153,1488147,847570,16910.76,18148.13,434273,97,19,A0122,2,6
A0020,HelpIndia,182,100,82,560825,271567,5608.25,6231.39,317689,63,30,A0144,3,1
A0021,TechWorld52,302,111,191,1227947,2833519,11062.59,12791.11,253582,107,36,A0350,2,7
A0022,KarnatakaGas,223,90,133,1311497,1646857,14572.19,16393.71,454124,56,36,A0313,2,4
A0023,BESCOM,268,117,151,987209,2663565,8437.68,9872.09,170775,158,46,A0239,2,5
A0024,BWSSB,246,92,154,5963326,8091052,64818.76,69341.0,198545,139,25,A0309,3,45
A0025,Priya Nair,173,110,63,1044533,394558,9495.75,11231.54,430963,63,37,A0104,2,5
A0026,Anjali Patel,186,111,75,2230426,843328,20093.93,23983.08,450153,96,35,A0216,2,8
A0027,Vikram Verma,186,107,79,1188953,1412381,11111.71,12923.4,354041,86,34,A0236,4,5
A0028,FreshMart33,269,100,169,924907,1189160,9249.07,11418.6,212254,74,38,A0021,2,4
A0029,Kiran Singh,186,104,82,2120090,1247266,20385.48,24091.93,463039,51,26,A0200,3,8
A0030,CityPharmacy49,291,94,197,1089457,1845237,11589.97,13618.21,296013,74,32,A0463,2,5
A0031,FreshMart85,277,103,174,1862080,1175571,18078.45,20689.78,408749,131,46,A0122,2,7
A0032,ABC Pvt Ltd,176,102,74,1725554,2017397,16917.2,20789.81,421906,62,40,A0104,3,6
A0033,ABC Pvt Ltd,164,87,77,936601,709899,10765.53,12007.71,366606,82,34,A0249,3,3
A0034,Arjun Singh,157,79,78,769213,480881,9736.87,10833.99,235975,162,21,A0475,3,3
A0035,CareFoundation,160,95,65,660447,1008811,6952.07,7769.96,433885,140,32,A0425,4,1
A0036,SmileTrust,177,101,76,1399939,466700,13860.78,15383.95,451018,87,45,A0440,2,6
A0037,TechWorld37,271,82,189,510292,2357760,6223.07,6459.39,179922,86,31,A0371,2,2
A0038,Kavya Kulkarni,183,102,81,989235,1176220,9698.38,11241.31,383936,89,40,A0043,3,4
A0039,Divya Singh,188,105,83,1340199,953734,12763.8,14257.44,414174,96,40,A0055,3,7
A0040,KarnatakaTransport,176,97,79,902176,581999,9300.78,10613.84,380909,94,29,A0349,2,3
A0041,Manoj Reddy,196,112,84,479909,1005314,4284.9,5332.32,124821,50,37,A0369,3,2
A0042,Pooja Kulkarni,174,91,83,1901474,1285350,20895.32,24377.87,499684,69,30,A0309,3,5
A0043,Deepa Verma,170,96,74,1105319,404999,11513.74,12704.82,333922,130,26,A0374,3,5
A0044,Rahul Sharma,196,118,78,1316491,543974,11156.7,12303.65,398816,172,35,A0114,3,4
A0045,CareFoundation,197,113,84,1757652,990888,15554.44,17576.52,495298,54,37,A0404,2,8
A0046,Kavya Kulkarni,177,91,86,534555,787867,5874.23,6599.44,192333,185,27,A0055,3,2
A0047,Pooja Singh,173,93,80,766824,2100565,8245.42,9466.96,192768,260,34,A0331,2,4
A0048,Nova Solutions,157,87,70,975804,761309,11216.14,12510.31,276573,118,29,A0304,2,5
A0049,Arjun Verma,173,86,87,421448,1021658,4900.56,5473.35,96176,97,23,A0072,3,3
A0050,SmartElectronics42,279,96,183,1508069,3082452,15709.05,18391.09,407873,58,28,A0215,3,6
A0051,Charan Rao,182,103,79,911215,781465,8846.75,9798.01,218271,71,45,A0057,3,5
A0052,Anjali Sharma,153,81,72,2198865,1982669,27146.48,30121.44,422387,193,25,A0167,2,10
A0053,FreshMart70,311,108,203,1075389,1808321,9957.31,11948.77,196069,96,36,A0184,2,5
A0054,Rohan Gupta,185,92,93,771247,762707,8383.12,9405.45,380061,135,32,A0187,2,3
A0055,TechWorld21,283,92,191,1058061,2402292,11500.66,13062.48,386687,166,34,A0187,3,5
A0056,BESCOM,256,87,169,4979683,10633310,57237.74,66395.77,438669,205,34,A0141,2,33
A0057,CityPharmacy40,255,94,161,625803,1789659,6657.48,7450.04,193089,107,33,A0426,2,3
A0058,FreshMart17,283,85,198,860717,1777084,10126.08,11325.22,324455,87,32,A0311,2,3
A0059,Varun Patel,202,113,89,1163168,720224,10293.52,11292.89,194177,62,43,A0198,3,6
A0060,Rahul Reddy,186,95,91,687853,1500665,7240.56,8287.39,350562,72,34,A0373,3,2
A0061,MegaStore95,272,74,198,331446,1393637,4479.0,5021.91,152203,59,26,A0294,3,1
A0062,Deepa Shetty,179,107,72,321233,492129,3002.18,3569.26,63604,57,27,A0447,3,1
A0063,Meera Verma,179,90,89,1123868,792949,12487.42,13874.91,433553,166,38,A0176,2,4
A0064,Deepa Kulkarni,173,96,77,921180,753078,9595.62,10588.28,420053,50,30,A0097,3,3
A0065,Pooja Verma,159,89,70,5605797,4478594,62986.48,70959.46,439171,138,31,A0316,2,41
A0066,Sneha Reddy,184,90,94,1435379,939018,15948.66,17720.73,423893,99,28,A0055,3,7
A0067,Arjun Shetty,185,97,88,1593540,1714235,16428.25,18747.53,392402,90,34,A0470,2,5
A0068,Anjali Patel,180,110,70,272129,188209,2473.9,2894.99,4922,77,46,A0460,2,0
A0069,Sneha Patel,179,112,67,825070,381058,7366.7,8505.88,307440,79,42,A0168,3,4
A0070,DailyNeeds20,310,114,196,1888284,1911430,16563.89,19466.85,452363,65,33,A0001,3,9
A0071,Charan Gupta,198,105,93,1039535,1458856,9900.33,11423.46,193736,59,35,A0492,2,5
A0072,Anjali Kulkarni,188,116,72,1125291,742643,9700.78,11845.17,378688,66,31,A0374,3,4
A0073,XYZ Logistics,174,102,72,1758446,720106,17239.67,20687.6,406969,52,32,A0472,3,7
A0074,XYZ Logistics,187,111,76,1272425,844002,11463.29,12598.27,443405,112,40,A0097,3,4
A0075,DailyNeeds91,297,119,178,1340514,2609920,11264.82,13272.42,469611,71,42,A0486,2,4
A0076,Arjun Kulkarni,189,98,91,1190207,962772,12144.97,13680.54,472777,78,29,A0187,3,7
A0077,Kiran Patel,177,92,85,1143454,1170289,12428.85,13452.4,232693,55,29,A0127,2,5
A0078,IncomeTax,175,77,98,1602427,2101896,20810.74,22891.81,493062,101,19,A0433,3,7
A0079,Manoj Shetty,201,109,92,6254277,6132452,57378.69,67250.29,382982,153,35,A0425,3,42
A0080,Anjali Singh,174,92,82,238102,1941295,2588.07,2976.28,4953,66,28,A0120,2,0
A0081,Arjun Reddy,179,111,68,1238582,591762,11158.4,12142.96,347911,94,48,A0425,3,6
A0082,Pooja Shetty,188,91,97,587540,1266374,6456.48,7165.12,383598,102,30,A0224,3,1
A0083,Varun Patel,182,106,76,933873,374907,8810.12,10986.74,352755,160,30,A0222,3,3
A0084,Sneha Sharma,189,108,81,1002946,879867,9286.54,10339.65,316761,170,31,A0263,3,4
A0085,Sneha Gupta,193,113,80,1903532,836367,16845.42,19035.32,406219,91,33,A0341,3,9
A0086,KarnatakaTransport,188,98,90,595991,1040671,6081.54,6622.12,182675,170,27,A0167,3,3
A0087,Deepa Singh,167,100,67,1294639,1344555,12946.39,14880.91,435425,76,38,A0291,3,5
A0088,Pooja Shetty,169,97,72,5490799,3467610,56606.18,63846.5,455192,118,38,A0105,2,38
A0089,Kavya Rao,179,96,83,1319040,1321403,13740.0,15337.67,475693,81,35,A0363,3,5
A0090,Kavya Shetty,165,82,83,839688,1211819,10240.1,11048.53,385395,85,32,A0243,2,3
A0091,Meera Shetty,171,90,81,1033818,824089,11486.87,12455.64,280412,103,35,A0389,3,5
A0092,Divya Singh,181,108,73,585518,478788,5421.46,6228.91,182626,171,42,A0430,3,3
A0093,Deepa Sharma,162,82,80,689504,1026340,8408.59,9072.42,298215,89,31,A0097,3,2
A0094,KarnatakaGas,265,106,159,963791,2610565,9092.37,10475.99,213296,72,32,A0449,2,4
A0095,TechWorld36,321,120,201,1110199,3461540,9251.66,11564.57,305442,52,37,A0353,3,5
A0096,Priya Gupta,163,79,84,1099592,460911,13918.89,15062.9,157781,193,30,A0288,2,8
A0097,CityPharmacy47,298,116,182,958166,1684959,8260.05,9039.3,383861,84,39,A0022,3,4
A0098,KarnatakaGas,273,117,156,542384,1386085,4635.76,5709.31,261797,89,38,A0238,2,1
A0099,CityPharmacy69,301,115,186,1519228,2268633,13210.68,15991.87,318250,68,46,A0132,2,6
A0100,IncomeTax,176,89,87,526691,674583,5917.88,6666.97,182079,122,23,A0066,3,2
A0101,Manoj Verma,180,92,88,214762,1428349,2334.37,2556.69,4986,78,32,A0040,3,0
A0102,Charan Gupta,170,97,73,1154232,824540,11899.3,13421.3,356224,75,35,A0287,2,3
A0103,Deepa Nair,177,107,70,863763,507160,8072.55,9705.2,301926,79,39,A0447,4,3
A0104,SmartElectronics36,292,108,184,983502,3165359,9106.5,10575.29,454270,100,34,A0437,2,3
A0105,Asha Sharma,201,117,84,2188419,1241038,18704.44,21884.19,469053,97,37,A0371,3,10
A0106,TechWorld5,283,108,175,699929,2714625,6480.82,7691.53,308003,114,34,A0095,2,2
A0107,Rohan Nair,185,102,83,1238673,717464,12143.85,14075.83,378435,127,33,A0288,2,5
A0108,PowerGrid,252,99,153,6724790,9245357,67927.17,80057.02,198770,121,41,A0016,3,53
A0109,ABC Pvt Ltd,162,87,75,6206066,4336951,71334.09,86195.36,444454,644,25,A0037,3,43
A0110,Vikram Reddy,178,90,88,650958,1084376,7232.87,8239.97,171081,74,22,A0260,2,3
A0111,Kiran Rao,187,110,77,710067,323588,6455.15,7245.58,239196,142,36,A0147,3,3
A0112,Rohan Gupta,171,94,77,1292319,1181261,13748.07,15570.11,372706,118,30,A0184,2,6
A0113,ABC Pvt Ltd,195,115,80,929528,1188843,8082.85,9295.28,347490,103,39,A0426,3,3
A0114,DailyNeeds65,291,103,188,1437432,3127600,13955.65,16714.33,286360,118,42,A0157,3,7
A0115,Nikhil Sharma,183,101,82,835797,1724859,8275.22,9497.69,203559,62,28,A0122,3,4
A0116,DailyNeeds1,314,100,214,1596217,1780244,15962.17,18560.66,488988,130,27,A0353,3,5
A0117,Meera Singh,211,107,104,393192,1276060,3674.69,4417.89,142091,55,35,A0271,2,1
A0118,ABC Pvt Ltd,175,104,71,1435670,1065137,13804.52,15605.11,252302,76,38,A0099,2,6
A0119,PassportOffice,185,99,86,1798433,1894443,18165.99,20912.01,458813,86,39,A0012,3,5
A0120,Charan Verma,182,101,81,944175,657050,9348.27,10490.83,359051,76,32,A0243,2,3
A0121,Vikram Kulkarni,194,100,94,858233,1679327,8582.33,10340.16,293292,78,39,A0454,3,3
A0122,MegaStore6,296,109,187,963011,2401865,8834.96,9927.95,338423,73,24,A0395,3,5
A0123,Charan Kulkarni,177,90,87,1037634,955199,11529.27,12970.42,360923,50,27,A0200,3,3
A0124,Kiran Verma,177,105,72,1442188,700041,13735.12,16388.5,372867,135,34,A0098,4,4
A0125,Manoj Reddy,190,107,83,919299,887560,8591.58,9779.78,193997,50,38,A0056,2,4
A0126,Rohan Sharma,189,104,85,1730862,1411377,16642.9,18813.72,488422,53,36,A0139,2,5
A0127,CityWater,255,106,149,1009239,2488409,9521.12,10736.59,350194,96,32,A0238,4,5
A0128,Varun Singh,167,97,70,1343788,1350336,13853.48,17009.97,446333,138,31,A0341,3,6
A0129,Varun Rao,176,98,78,1616435,746531,16494.23,17381.02,439257,53,34,A0394,3,5
A0130,SmartElectronics19,293,95,198,1162768,3069096,12239.66,14009.25,390705,50,22,A0244,2,5
A0131,Rahul Gupta,175,96,79,1317416,447184,13723.08,15142.71,480836,62,38,A0185,2,6
A0132,Kiran Verma,190,107,83,1873835,603351,17512.48,20820.39,494406,65,42,A0489,3,7
A0133,DailyNeeds98,281,122,159,2039041,954807,16713.45,19419.44,362570,68,40,A0050,3,8
A0134,Divya Singh,203,107,96,896153,1769205,8375.26,9957.26,162373,257,39,A0369,3,5
A0135,Rahul Kulkarni,191,107,84,255494,1217116,2387.79,2633.96,4999,53,34,A0315,2,0
A0136,ABC Pvt Ltd,192,106,86,629938,1177294,5942.81,6999.31,160105,67,31,A0481,2,3
A0137,Vikram Verma,166,90,76,481644,412984,5351.6,5873.71,106929,50,32,A0306,3,3
A0138,Amit Sharma,174,87,87,1293862,975902,14871.98,16803.4,301701,96,24,A0394,3,7
A0139,BBMP,189,112,77,1656938,1163706,14794.09,18010.2,447300,88,35,A0359,2,5
A0140,Asha Verma,186,105,81,622726,630226,5930.72,6486.73,263542,101,35,A0240,2,2
A0141,Amit Patel,179,98,81,1770700,1266242,18068.37,19674.44,374114,132,37,A0038,2,6
A0142,KarnatakaGas,274,114,160,1467565,1866260,12873.38,15287.14,439461,65,31,A0070,3,7
A0143,Sneha Shetty,194,93,101,773919,1113560,8321.71,9324.33,179190,67,33,A0481,2,4
A0144,Nikhil Patel,189,96,93,1109676,715647,11559.12,13055.01,337731,53,36,A0432,3,5
A0145,HelpIndia,172,89,83,1266341,2153797,14228.55,16029.63,450268,53,32,A0377,2,5
A0146,Anjali Gupta,181,100,81,1069631,278649,10696.31,12294.61,297511,92,38,A0155,2,5
A0147,KarnatakaGas,273,95,178,960230,3506453,10107.68,12154.81,293701,128,30,A0019,2,4
A0148,Varun Nair,171,93,78,1647039,661437,17710.1,18931.48,461400,145,34,A0106,3,8
A0149,Anjali Gupta,179,99,80,1257924,847079,12706.3,14627.02,198204,59,37,A0057,2,7
A0150,Nova Solutions,180,96,84,1258279,765989,13107.07,14462.98,458146,51,31,A0204,3,3
A0151,Vikram Nair,205,105,100,1501871,1014006,14303.53,16504.08,391168,56,39,A0157,3,6
A0152,Sneha Rao,200,105,95,1547664,922346,14739.66,16464.51,317041,63,29,A0007,2,6
A0153,Divya Sharma,184,99,85,1486274,1194897,15012.87,17282.26,430599,67,34,A0265,2,5
A0154,Kavya Nair,204,117,87,2057785,581208,17587.91,20577.85,482775,87,33,A0166,3,7
A0155,Varun Singh,194,113,81,1550344,1286548,13719.86,16493.02,358462,69,44,A0288,4,6
A0156,Anjali Kulkarni,186,97,89,942985,1863073,9721.49,10838.91,303615,77,35,A0268,2,5
A0157,CityPharmacy56,280,101,179,2214184,960174,21922.61,25746.33,494275,55,39,A0061,2,8
A0158,CityWater,253,106,147,1863500,1566196,17580.19,19824.47,328577,210,38,A0039,2,10
A0159,Kavya Nair,164,96,68,920592,431990,9589.5,10228.8,282403,123,27,A0038,2,4
A0160,Neha Gupta,167,93,74,1005392,679032,10810.67,11828.14,343682,210,38,A0200,2,4
A0161,Nikhil Nair,168,95,73,852608,1383000,8974.82,10150.1,173008,274,29,A0136,2,4
A0162,Deepa Sharma,182,86,96,1070897,875652,12452.29,14278.63,340518,220,29,A0202,3,4
A0163,Divya Shetty,168,94,74,2395615,852433,25485.27,29945.19,477053,68,27,A0127,3,7
A0164,Pooja Gupta,183,107,76,2961191,173449,27674.68,31502.03,437580,113,35,A0234,3,12
A0165,Nikhil Verma,173,90,83,1268378,1265436,14093.09,16261.26,437247,150,25,A0426,3,3
A0166,Pooja Nair,175,103,72,1673140,457651,16244.08,17428.54,462606,169,32,A0053,3,7
A0167,IncomeTax,177,107,70,2724222,1245091,25460.02,29936.51,454575,135,36,A0265,3,8
A0168,BWSSB,262,117,145,997064,2215789,8521.91,9871.92,193959,98,37,A0184,3,6
A0169,KarnatakaTransport,186,92,94,720384,824754,7830.26,8785.17,195036,83,29,A0164,2,4
A0170,Neha Reddy,193,114,79,1000485,211153,8776.18,10004.85,392838,88,40,A0279,3,4
A0171,PassportOffice,159,89,70,759909,558707,8538.3,9742.42,303758,196,32,A0077,3,3
A0172,Neha Singh,170,87,83,1400257,1216415,16094.91,18424.43,477934,84,27,A0173,3,5
A0173,Manoj Rao,158,87,71,770036,547322,8850.99,10132.05,194439,72,22,A0249,3,4
A0174,Varun Shetty,181,105,76,685705,932914,6530.52,7453.32,177843,62,32,A0192,3,3
A0175,BESCOM,249,103,146,2262099,871177,21962.13,24323.65,449182,65,27,A0257,2,10
A0176,Rohan Patel,191,107,84,777453,309354,7265.92,8014.98,364276,153,41,A0266,2,3
A0177,Arjun Patel,163,85,78,4922335,5326554,57909.82,63926.43,231785,87,28,A0282,3,34
A0178,Pooja Patel,179,105,74,1204730,985531,11473.62,13385.89,292298,125,40,A0282,3,6
A0179,ABC Pvt Ltd,194,107,87,679470,1285627,6350.19,7152.32,192144,99,35,A0061,2,3
A0180,Pooja Sharma,161,84,77,743780,565596,8854.52,9414.94,152236,93,27,A0371,2,4
A0181,Vikram Gupta,165,94,71,1563792,716069,16636.09,18397.55,473512,70,36,A0367,2,6
A0182,Amit Singh,171,96,75,666199,772230,6939.57,7837.64,198235,110,41,A0070,3,3
A0183,Anjali Nair,214,106,108,1080759,1134598,10195.84,12866.18,181630,56,33,A0053,3,6
A0184,DailyNeeds74,269,84,185,904390,1808356,10766.55,11899.87,312385,142,24,A0425,2,3
A0185,Varun Patel,173,99,74,900420,683984,9095.15,10004.67,335950,136,32,A0337,2,4
A0186,Manoj Gupta,167,88,79,1249406,1234598,14197.8,15424.77,390007,116,29,A0095,2,5
A0187,MegaStore93,333,115,218,476373,1505312,4142.37,4624.98,102041,60,38,A0122,2,2
A0188,MegaStore37,267,97,170,858519,2533935,8850.71,9868.03,176223,53,31,A0271,2,5
A0189,Varun Verma,161,98,63,1379323,707259,14074.72,16227.33,396103,70,38,A0334,3,5
A0190,Deepa Verma,209,119,90,1233299,349216,10363.86,12210.88,252176,65,35,A0389,3,6
A0191,KarnatakaGas,252,87,165,1028015,1433717,11816.26,13179.68,474276,177,26,A0351,2,5
A0192,TechWorld81,275,97,178,301832,1706049,3111.67,3550.96,61740,121,30,A0360,3,1
A0193,Nikhil Sharma,167,97,70,1520531,555095,15675.58,17888.6,497319,59,28,A0447,3,3
A0194,Deepa Shetty,199,109,90,1876682,813516,17217.27,18766.82,462758,142,38,A0248,3,4
A0195,Rahul Patel,199,129,70,938817,893592,7277.65,8613.0,285410,61,38,A0212,4,3
A0196,Deepa Patel,183,103,80,246517,250924,2393.37,2708.98,4982,108,27,A0358,2,0
A0197,Rahul Kulkarni,179,100,79,1294006,743657,12940.06,15046.58,420293,201,31,A0187,3,4
A0198,KarnatakaGas,236,113,123,846884,1576732,7494.55,8730.76,201937,77,30,A0187,4,4
A0199,HelpIndia,181,97,84,390453,1115202,4025.29,4648.25,76275,135,34,A0228,2,2
A0200,CityWater,272,102,170,441464,1909677,4328.08,5016.64,122414,86,39,A0429,2,2
A0201,Deepa Rao,198,117,81,987881,415719,8443.43,9591.08,293648,75,30,A0064,3,4
A0202,Arjun Singh,195,101,94,1001028,335313,9911.17,11639.86,325577,54,24,A0440,2,4
A0203,Deepa Patel,173,87,86,1138367,943361,13084.68,14978.51,390338,69,28,A0133,3,4
A0204,Anjali Patel,184,107,77,644569,1345846,6024.01,7408.84,301295,53,38,A0490,3,2
A0205,MegaStore31,309,111,198,1799974,2303542,16215.98,19148.66,431717,66,36,A0482,4,8
A0206,Neha Shetty,161,82,79,1328117,807168,16196.55,17708.23,398409,163,30,A0454,2,5
A0207,HopeNGO,179,98,81,599648,1033048,6118.86,6814.18,166531,85,29,A0301,2,3
A0208,IncomeTax,186,107,79,1876794,574623,17540.13,21327.2,480208,67,28,A0130,3,6
A0209,Varun Kulkarni,188,98,90,1817726,1069680,18548.22,21900.31,491397,103,28,A0211,2,7
A0210,Divya Rao,195,96,99,1516727,724595,15799.24,18496.67,267124,88,30,A0093,2,9
A0211,DailyNeeds90,263,97,166,1102351,2237068,11364.44,13281.34,265401,106,32,A0475,3,5
A0212,Divya Sharma,194,115,79,960210,269693,8349.65,9699.09,182683,202,34,A0114,2,5
A0213,Deepa Rao,173,89,84,2558778,969364,28750.31,31204.61,490061,233,30,A0188,3,10
A0214,SmileTrust,175,95,80,1255350,1166303,13214.21,14944.64,336291,61,27,A0470,2,5
A0215,Pooja Patel,175,96,79,984901,416622,10259.39,11725.01,457888,68,31,A0091,2,3
A0216,Sneha Reddy,159,97,62,962968,905511,9927.51,10467.04,381997,88,28,A0440,3,3
A0217,Arjun Kulkarni,159,100,59,1067367,617738,10673.67,12129.17,359880,99,37,A0145,2,4
A0218,Prime Industries,169,89,80,477408,741678,5364.13,5751.9,195937,201,24,A0494,2,2
A0219,Amit Patel,206,124,82,946061,1241004,7629.52,8679.46,434582,58,40,A0473,3,3
A0220,Kavya Gupta,211,125,86,7658121,4622238,61264.97,75079.62,330064,69,48,A0183,3,58
A0221,Arjun Reddy,188,108,80,1345058,730798,12454.24,14011.02,450226,62,43,A0105,2,3
A0222,KarnatakaGas,234,106,128,1613972,1672541,15226.15,17933.02,333740,102,50,A0390,4,7
A0223,Arjun Sharma,195,105,90,1214190,734808,11563.71,13642.58,374855,101,38,A0007,3,4
A0224,Charan Reddy,190,108,82,1396542,492844,12930.94,14700.44,454085,88,37,A0151,3,6
A0225,Divya Reddy,178,97,81,897187,1398031,9249.35,10941.3,197822,71,34,A0458,3,4
A0226,Priya Kulkarni,165,89,76,495138,801874,5563.35,6267.57,155705,154,27,A0205,3,2
A0227,FreshMart44,275,98,177,882448,2768232,9004.57,10505.33,162605,57,26,A0164,2,5
A0228,Kiran Shetty,178,108,70,1301996,1145312,12055.52,13851.02,284675,59,30,A0335,3,6
A0229,Amit Patel,166,90,76,1683009,522917,18700.1,21037.61,424247,118,25,A0057,3,9
A0230,Asha Nair,175,102,73,431434,750500,4229.75,4741.03,108663,50,37,A0202,3,2
A0231,Manoj Sharma,212,119,93,1174100,606129,9866.39,11741.0,481881,86,34,A0374,3,4
A0232,SmileTrust,170,90,80,1418763,817621,15764.03,17515.59,475532,69,31,A0256,4,5
A0233,Rohan Kulkarni,191,105,86,822566,1217247,7833.96,9564.72,221774,64,36,A0392,2,4
A0234,ABC Pvt Ltd,192,97,95,4638464,6068285,47819.22,54570.16,183269,357,32,A0139,2,40
A0235,Anjali Kulkarni,193,112,81,758276,880078,6770.32,8066.77,190440,201,44,A0397,3,4
A0236,FreshMart31,307,108,199,1482130,1875942,13723.43,14821.3,390517,185,39,A0422,2,8
A0237,Anjali Nair,201,107,94,7310600,4861300,68323.36,78608.6,228754,203,32,A0326,3,51
A0238,CityPharmacy98,279,102,177,7187728,12341909,70467.92,85568.19,496809,73,36,A0023,2,47
A0239,Rohan Patel,197,104,93,771118,670472,7414.6,8117.03,290181,193,27,A0415,2,4
A0240,PowerGrid,252,94,158,321654,1889502,3421.85,3971.04,81449,115,28,A0357,3,1
A0241,Prime Industries,147,82,65,934321,1459981,11394.16,12798.92,323459,100,25,A0222,2,4
A0242,Meera Reddy,220,120,100,865615,668078,7213.46,8486.42,193404,80,41,A0326,3,4
A0243,Arjun Reddy,176,93,83,586590,1771477,6307.42,6983.21,138946,56,30,A0395,3,4
A0244,Sneha Shetty,186,113,73,1380777,848449,12219.27,13947.24,365680,233,43,A0116,3,6
A0245,FreshMart47,274,103,171,519754,1863792,5046.16,5711.58,138091,86,34,A0284,2,2
A0246,Amit Kulkarni,178,95,83,1164582,1340944,12258.76,13864.07,425314,96,26,A0380,3,3
A0247,ABC Pvt Ltd,184,106,78,1620425,537507,15287.03,16705.41,373544,160,34,A0354,2,6
A0248,Amit Patel,163,93,70,1855780,702457,19954.62,22631.46,243255,111,31,A0142,4,10
A0249,CityPharmacy65,298,117,181,1362872,3014441,11648.48,12619.19,271854,68,40,A0147,4,7
A0250,Asha Sharma,198,102,96,490732,252047,4811.1,5111.79,149022,92,31,A0112,3,3
A0251,BBMP,173,99,74,935040,552258,9444.85,11265.54,352236,65,31,A0310,3,3
A0252,DailyNeeds34,319,106,213,1602212,2630976,15115.21,17228.09,375579,79,36,A0389,2,6
A0253,Pooja Rao,179,94,85,900494,778423,9579.72,10720.17,309831,128,35,A0021,3,4
A0254,Manoj Patel,206,116,90,7581939,5051069,65361.54,75068.7,470454,54,35,A0415,2,58
A0255,Sneha Kulkarni,210,127,83,2575676,665684,20280.91,22997.11,487774,58,45,A0021,3,8
A0256,Anjali Rao,197,104,93,1161515,1063766,11168.41,12905.72,440888,53,33,A0006,2,4
A0257,SmartElectronics80,277,93,184,4594644,10769415,49404.77,57433.05,193256,91,39,A0007,2,37
A0258,Divya Sharma,180,99,81,1072246,891270,10830.77,12614.66,203147,79,31,A0375,3,7
A0259,Nikhil Kulkarni,170,94,76,831006,993575,8840.49,9892.93,459222,53,37,A0108,3,2
A0260,Nova Solutions,172,97,75,1297636,400898,13377.69,14259.74,390133,50,34,A0483,4,5
A0261,Asha Rao,176,93,83,251522,1114036,2704.54,3105.21,4992,136,37,A0440,3,0
A0262,ABC Pvt Ltd,201,108,93,2093850,2322176,19387.5,21810.94,388996,164,33,A0079,2,10
A0263,Rohan Verma,189,90,99,1392331,1256433,15470.34,16979.65,215399,81,32,A0254,3,8
A0264,Anjali Shetty,172,94,78,606039,1397915,6447.22,7671.38,314711,56,31,A0224,2,2
A0265,FreshMart46,316,96,220,681056,2808174,7094.33,7484.13,164506,123,28,A0369,2,3
A0266,Rohan Patel,178,92,86,838180,1955918,9110.65,10885.45,389605,78,38,A0142,3,3
A0267,Kiran Patel,209,116,93,1523725,410812,13135.56,15391.16,344659,112,35,A0188,3,8
A0268,TechWorld90,287,101,186,744371,1745780,7370.01,8757.31,198637,72,35,A0071,3,3
A0269,CityPharmacy89,276,96,180,1201111,2414911,12511.57,14130.72,423100,85,33,A0409,3,5
A0270,Prime Industries,188,112,76,1052154,653618,9394.23,11075.31,235216,60,43,A0099,2,5
A0271,CityPharmacy78,263,100,163,994734,2634326,9947.34,11842.07,328090,110,34,A0199,3,5
A0272,Arjun Shetty,171,90,81,1441777,194452,16019.74,19750.37,407382,88,30,A0350,2,5
A0273,Priya Shetty,192,102,90,1429752,1491430,14017.18,17651.26,340314,156,28,A0259,2,7
A0274,HelpIndia,180,91,89,1879582,910051,20654.75,24097.21,354518,71,25,A0173,2,8
A0275,Meera Nair,192,106,86,1503189,221274,14181.03,16702.1,481493,58,31,A0032,2,4
A0276,Manoj Verma,196,109,87,2077069,532571,19055.68,21194.58,453111,57,24,A0098,3,7
A0277,Neha Sharma,189,98,91,800887,847871,8172.32,10011.09,382548,81,36,A0037,3,2
A0278,DailyNeeds84,293,97,196,983208,4288225,10136.16,11845.88,345115,86,26,A0347,2,3
A0279,CityWater,247,102,145,1552897,750533,15224.48,18269.38,449794,74,34,A0058,3,7
A0280,Prime Industries,175,99,76,1080231,730593,10911.42,12137.43,181246,150,30,A0130,3,6
A0281,Priya Gupta,177,106,71,1475241,979806,13917.37,16391.57,483922,104,37,A0396,3,5
A0282,DailyNeeds62,285,95,190,1179380,2257961,12414.53,14209.4,464404,73,36,A0199,3,5
A0283,Neha Patel,212,130,82,937346,739866,7210.35,8444.56,186656,55,46,A0053,4,4
A0284,Vikram Sharma,187,107,80,818438,838702,7648.95,8615.14,189047,60,29,A0231,3,4
A0285,ABC Pvt Ltd,179,99,80,5690106,5641202,57475.82,64660.3,336659,65,37,A0012,4,42
A0286,Neha Sharma,163,99,64,448175,751593,4527.02,4979.72,180571,128,37,A0128,2,1
A0287,Arjun Reddy,184,102,82,1766083,1658174,17314.54,19843.63,470792,127,40,A0243,2,7
A0288,MegaStore13,278,94,184,917955,2389021,9765.48,11474.44,326193,127,31,A0133,2,3
A0289,Amit Reddy,190,106,84,1631534,615665,15391.83,17928.95,368681,54,37,A0282,4,7
A0290,Charan Nair,211,122,89,1195931,438946,9802.71,11389.82,349422,155,35,A0104,3,6
A0291,MegaStore6,268,116,152,740218,888891,6381.19,8045.85,176814,77,50,A0436,3,4
A0292,Sneha Gupta,175,95,80,443729,519994,4670.83,5220.34,144301,156,24,A0055,3,2
A0293,Priya Singh,182,95,87,1255811,925147,13219.06,14950.13,356233,97,29,A0269,2,6
A0294,TechWorld45,267,95,172,1887560,755387,19869.05,21449.55,424491,143,40,A0136,2,8
A0295,ABC Pvt Ltd,180,102,78,264974,239602,2597.78,2818.87,4975,69,34,A0168,3,0
A0296,Charan Patel,162,83,79,1349253,1052083,16256.06,17990.04,454687,69,30,A0177,2,5
A0297,Manoj Verma,199,103,96,1204979,1152916,11698.83,14176.22,438221,68,29,A0268,2,5
A0298,BBMP,157,78,79,391029,771625,5013.19,5836.25,174991,53,30,A0341,3,1
A0299,Rohan Patel,174,86,88,4846024,5496603,56349.12,61342.08,232413,174,29,A0252,2,38
A0300,Rahul Kulkarni,174,97,77,995902,861153,10267.03,12448.78,222837,128,40,A0099,3,5
A0301,Divya Rao,140,77,63,1077800,575897,13997.4,15180.28,362732,79,21,A0334,2,6
A0302,Varun Verma,175,106,69,1220061,189991,11510.01,13261.53,446843,83,31,A0050,3,4
A0303,Varun Singh,174,101,73,1033600,789656,10233.66,11613.48,242044,50,34,A0155,3,5
A0304,Rohan Reddy,179,104,75,1333413,1923017,12821.28,14337.77,463388,99,40,A0205,3,4
A0305,Pooja Rao,179,102,77,1414483,179394,13867.48,15716.48,415112,77,31,A0282,2,4
A0306,Anjali Patel,194,103,91,1053006,1437542,10223.36,11700.07,311287,52,26,A0294,3,4
A0307,Manoj Gupta,164,96,68,442179,549557,4606.03,5668.96,145731,89,32,A0012,3,2
A0308,Varun Kulkarni,195,116,79,8232887,3441931,70973.16,83160.47,274349,138,37,A0121,3,61
A0309,MegaStore19,322,104,218,1069665,2701429,10285.24,11501.77,491693,57,36,A0335,2,4
A0310,Priya Patel,160,89,71,1298199,974450,14586.51,16859.73,461218,129,21,A0097,2,5
A0311,Pooja Rao,181,85,96,1348812,1377364,15868.38,17517.04,467670,274,34,A0059,2,5
A0312,Kiran Rao,200,106,94,1252528,1287909,11816.3,13764.04,463048,78,37,A0097,2,4
A0313,Meera Reddy,189,97,92,744002,989409,7670.12,8266.69,173887,52,39,A0482,2,3
A0314,Meera Verma,168,92,76,1018822,1609506,11074.15,13061.82,389088,119,25,A0288,4,3
A0315,KarnatakaGas,267,87,180,1212789,3409092,13940.1,15548.58,418293,57,19,A0107,3,4
A0316,Meera Nair,161,91,70,787431,552619,8653.09,9487.12,259952,69,29,A0075,3,3
A0317,Rahul Sharma,182,108,74,884980,847767,8194.26,9414.68,351197,70,44,A0373,3,3
A0318,HelpIndia,197,115,82,996296,781112,8663.44,9962.96,300728,127,49,A0249,3,3
A0319,MegaStore69,261,98,163,517404,2531954,5279.63,5879.59,212449,88,26,A0048,2,2
A0320,Amit Gupta,164,106,58,836744,969740,7893.81,9617.75,191348,53,31,A0326,2,4
A0321,PowerGrid,260,95,165,761101,1779367,8011.59,9060.73,279364,68,24,A0122,3,3
A0322,Anjali Patel,192,101,91,957622,773687,9481.41,10882.07,199366,187,32,A0348,3,4
A0323,Asha Reddy,167,105,62,846404,707989,8060.99,9404.49,304853,110,35,A0080,3,2
A0324,Divya Rao,153,84,69,1195604,1772937,14233.38,15731.63,417922,124,32,A0269,2,4
A0325,SmileTrust,185,111,74,1277878,707177,11512.41,12907.86,350126,114,32,A0211,3,4
A0326,FreshMart6,278,109,169,1158029,1569445,10624.12,12866.99,310659,184,27,A0431,3,5
A0327,Divya Gupta,192,101,91,1461089,1085427,14466.23,16603.28,230391,123,38,A0416,2,8
A0328,Rahul Shetty,176,91,85,6390378,5099338,70223.93,76992.51,495966,74,30,A0392,2,44
A0329,Nikhil Gupta,200,128,72,621082,587065,4852.2,5496.3,308189,127,35,A0384,3,1
A0330,Rahul Patel,187,105,82,723208,467873,6887.7,7379.67,200257,91,37,A0383,3,3
A0331,Kavya Verma,162,93,69,1234106,680439,13269.96,15235.88,482920,50,32,A0357,3,4
A0332,Arjun Rao,180,100,80,869625,913837,8696.25,10111.92,366897,115,32,A0278,2,2
A0333,Priya Verma,201,111,90,1403492,733484,12644.07,14176.69,309461,299,24,A0127,3,9
A0334,Rahul Reddy,174,87,87,1318898,725602,15159.75,17128.55,404893,61,26,A0190,2,5
A0335,DailyNeeds61,300,98,202,707498,2064487,7219.37,7690.2,293067,52,31,A0168,2,2
A0336,CareFoundation,171,103,68,1927594,1316017,18714.5,21417.71,436146,74,32,A0265,4,6
A0337,Charan Rao,162,80,82,566630,1213200,7082.88,7657.16,167455,106,28,A0444,2,3
A0338,Amit Verma,174,100,74,1420577,1220258,14205.77,15961.54,326712,73,35,A0474,2,6
A0339,Meera Sharma,167,94,73,817452,378293,8696.3,10218.15,297511,127,31,A0016,3,3
A0340,Pooja Rao,182,96,86,813472,2126982,8473.67,9684.19,396966,161,26,A0250,2,2
A0341,CityPharmacy22,257,70,187,851380,2256422,12162.57,13513.97,355678,86,21,A0193,2,3
A0342,Manoj Sharma,178,101,77,1073212,1011643,10625.86,11793.54,450450,55,32,A0190,3,4
A0343,Asha Sharma,182,95,87,1038377,1167968,10930.28,12510.57,346231,259,30,A0454,3,4
A0344,Asha Shetty,174,93,81,5686358,4968116,61143.63,67694.74,330193,65,33,A0409,3,42
A0345,Varun Patel,160,101,59,1912020,563004,18930.89,21011.21,449480,67,40,A0484,2,9
A0346,Pooja Kulkarni,191,115,76,640361,1214492,5568.36,6468.29,182532,160,48,A0175,2,3
A0347,Vikram Shetty,177,108,69,6620506,3587442,61300.98,71188.24,195924,86,35,A0030,3,54
A0348,Meera Patel,180,91,89,814845,1497711,8954.34,9937.13,470083,96,23,A0094,3,2
A0349,Kiran Reddy,201,108,93,1931143,1289423,17880.95,19908.69,455070,57,40,A0097,3,8
A0350,Sneha Gupta,173,84,89,393686,507667,4686.74,5249.15,166165,84,32,A0114,2,1
A0351,CityWater,263,100,163,1253412,980653,12534.12,14243.32,184026,77,35,A0433,2,7
A0352,Divya Kulkarni,191,101,90,1285835,1047690,12731.04,14611.76,370747,69,35,A0132,2,4
A0353,Neha Kulkarni,172,86,86,7068992,5143437,82197.58,94253.23,489509,150,27,A0021,2,43
A0354,Anjali Singh,177,95,82,888275,1672933,9350.26,10328.78,279682,113,37,A0004,2,5
A0355,ABC Pvt Ltd,143,75,68,379786,453391,5063.81,5504.14,198222,67,23,A0094,2,1
A0356,BBMP,168,103,65,694205,953386,6739.85,7800.06,226808,91,36,A0417,3,3
A0357,Deepa Reddy,205,113,92,1649508,277654,14597.42,17736.65,478135,121,37,A0399,2,5
A0358,Rohan Rao,200,110,90,1293975,542442,11763.41,14219.51,412042,56,32,A0033,2,5
A0359,Meera Reddy,164,93,71,407287,1484169,4379.43,4907.07,99326,66,31,A0051,3,2
A0360,Manoj Nair,166,90,76,1386043,1849753,15400.48,18480.57,459440,113,38,A0053,3,4
A0361,Arjun Sharma,169,101,68,910572,1009101,9015.56,10117.47,180157,190,31,A0142,3,6
A0362,Pooja Patel,164,88,76,224188,356616,2547.59,2911.53,4986,68,41,A0036,2,0
A0363,Neha Patel,189,104,85,1231752,763200,11843.77,13388.61,356416,50,35,A0326,3,4
A0364,Amit Kulkarni,175,94,81,1351900,433037,14381.91,16690.12,463977,52,33,A0047,2,4
A0365,Divya Kulkarni,167,81,86,1031952,1359062,12740.15,14136.33,355261,73,32,A0176,2,4
A0366,Neha Reddy,189,101,88,1962735,752762,19433.02,23365.89,497600,147,40,A0097,2,7
A0367,Amit Patel,187,111,76,2363550,1054983,21293.24,23874.24,463446,83,28,A0142,3,8
A0368,Sneha Reddy,152,84,68,1305219,803204,15538.32,17638.09,489727,64,26,A0152,2,4
A0369,Prime Industries,167,85,82,320725,682545,3773.24,4334.12,114191,100,24,A0201,2,1
A0370,ABC Pvt Ltd,181,119,62,1418568,979387,11920.74,13257.64,411315,80,33,A0282,3,4
A0371,Asha Nair,191,98,93,1675384,594083,17095.76,19481.21,277225,179,34,A0106,3,8
A0372,Neha Shetty,167,104,63,1035953,909248,9961.09,11510.59,496153,109,38,A0384,3,3
A0373,MegaStore37,310,100,210,875353,2844533,8753.53,9726.14,343395,86,22,A0252,3,3
A0374,MegaStore97,289,102,187,1175404,1695129,11523.57,12916.53,293245,85,34,A0267,3,4
A0375,MegaStore4,280,99,181,701086,2145422,7081.68,8058.46,198358,62,28,A0012,2,4
A0376,Charan Shetty,184,109,75,1812537,499790,16628.78,19079.34,395009,134,31,A0384,2,7
A0377,Divya Gupta,174,78,96,866181,981756,11104.88,12553.35,353748,111,21,A0084,2,4
A0378,Prime Industries,197,109,88,935717,660903,8584.56,10061.47,448315,72,30,A0497,2,2
A0379,Amit Kulkarni,200,105,95,1456593,1001307,13872.31,15832.53,328392,144,43,A0062,2,6
A0380,Kiran Singh,177,102,75,884182,1184405,8668.45,10281.19,197198,129,30,A0187,2,4
A0381,Varun Reddy,207,109,98,1069165,1559748,9808.85,11254.37,272924,81,43,A0031,2,5
A0382,Asha Shetty,171,96,75,519064,534075,5406.92,6106.64,199164,80,25,A0190,2,2
A0383,Divya Nair,177,97,80,885446,1972536,9128.31,10668.02,411428,161,32,A0271,3,3
A0384,BWSSB,268,86,182,1693957,1923842,19697.17,21442.49,392554,119,22,A0425,2,5
A0385,Meera Singh,170,89,81,717620,580720,8063.15,8859.51,354350,182,30,A0187,2,3
A0386,Sneha Sharma,194,117,77,2610576,628255,22312.62,25847.29,463183,116,40,A0475,3,8
A0387,CareFoundation,194,98,96,417557,1386033,4260.79,4538.66,179521,223,29,A0494,2,1
A0388,Prime Industries,177,95,82,1392847,831557,14661.55,16386.44,445245,260,32,A0268,2,5
A0389,Rohan Shetty,200,111,89,1781189,527705,16046.75,18554.05,456829,75,32,A0431,3,6
A0390,Varun Singh,179,98,81,1226688,817607,12517.22,13939.64,463425,52,36,A0175,3,3
A0391,Asha Patel,206,109,97,1338789,746881,12282.47,14092.52,459387,136,35,A0095,3,5
A0392,Prime Industries,172,81,91,1138548,1542290,14056.15,14786.34,354409,73,27,A0399,2,5
A0393,Varun Patel,175,100,75,1037143,1954761,10371.43,12495.7,249202,84,35,A0458,3,6
A0394,DailyNeeds15,267,91,176,6181028,11512270,67923.38,75378.39,458267,71,27,A0309,2,43
A0395,Anjali Rao,210,107,103,1068085,1155377,9982.1,12137.33,194654,60,35,A0481,4,6
A0396,FreshMart30,292,97,195,778022,2532058,8020.85,9373.76,169087,151,41,A0117,3,4
A0397,CareFoundation,171,91,80,242621,616092,2666.16,3071.15,4980,54,32,A0112,2,0
A0398,Kiran Gupta,212,130,82,1454735,692457,11190.27,13346.19,363410,289,40,A0480,3,6
A0399,Priya Patel,184,95,89,1266269,1262812,13329.15,15442.3,412169,132,37,A0204,2,4
A0400,Varun Verma,171,88,83,1112060,209835,12637.05,14257.18,209373,109,37,A0104,3,6
A0401,IncomeTax,161,100,61,1209569,333772,12095.69,13590.66,379302,51,35,A0097,2,5
A0402,Meera Gupta,174,94,80,1257604,719109,13378.77,14795.34,395939,68,25,A0426,3,5
A0403,Kiran Rao,171,93,78,1041545,651048,11199.41,12548.73,204937,62,17,A0050,3,5
A0404,Charan Gupta,158,86,72,964378,1182867,11213.7,12524.39,420715,79,28,A0152,2,3
A0405,Deepa Nair,177,95,82,1057003,2046543,11126.35,11876.44,492288,50,32,A0441,3,3
A0406,BESCOM,264,99,165,1836350,1122312,18548.99,20867.61,440959,54,37,A0373,3,6
A0407,SmileTrust,187,109,78,1598814,792172,14668.02,16654.31,447560,104,35,A0246,3,5
A0408,Asha Sharma,169,99,70,1956547,852607,19763.1,23572.86,407193,90,33,A0319,2,8
A0409,CityPharmacy89,285,99,186,1300050,2073506,13131.82,15294.71,428716,60,38,A0230,3,5
A0410,Anjali Sharma,160,102,58,1087409,502485,10660.87,11568.18,351192,202,26,A0298,3,5
A0411,Neha Gupta,194,114,80,1526446,766189,13389.88,15736.56,489066,318,46,A0130,3,4
A0412,Vikram Gupta,179,102,77,331528,861048,3250.27,3725.03,61500,50,35,A0192,3,1
A0413,SmileTrust,181,102,79,1861679,556512,18251.75,22429.87,423090,52,41,A0053,3,6
A0414,Kiran Verma,180,103,77,1742700,732799,16919.42,20746.43,401163,62,32,A0097,3,8
A0415,Meera Nair,178,101,77,906920,857660,8979.41,10305.91,345162,51,33,A0031,3,4
A0416,Deepa Kulkarni,186,105,81,921332,563243,8774.59,10237.02,228874,76,46,A0472,2,5
A0417,Priya Kulkarni,208,120,88,792637,1227069,6605.31,8088.13,235926,61,34,A0155,3,4
A0418,KarnatakaTransport,196,103,93,849787,1389235,8250.36,9548.17,354804,64,29,A0384,3,3
A0419,Rahul Verma,183,98,85,1075850,1340315,10978.06,12962.05,390544,61,41,A0485,3,3
A0420,Arjun Reddy,177,102,75,1000828,1263369,9812.04,11914.62,171855,87,29,A0143,2,6
A0421,Kavya Reddy,164,91,73,585547,1369028,6434.58,6730.43,153800,109,35,A0384,2,3
A0422,Anjali Nair,161,85,76,723891,1064540,8516.36,9280.65,179532,75,32,A0246,2,3
A0423,Charan Patel,167,83,84,1379685,1171712,16622.71,17464.37,356425,168,24,A0352,3,7
A0424,Rohan Verma,194,105,89,895202,401740,8525.73,10657.17,247560,52,33,A0394,2,5
A0425,CityPharmacy67,282,92,190,1869832,1812377,20324.26,23972.21,456503,116,30,A0279,3,6
A0426,FreshMart78,289,116,173,1403566,2847388,12099.71,14469.75,224401,97,44,A0268,2,7
A0427,Rahul Rao,165,91,74,1720591,834596,18907.59,21241.86,439079,153,28,A0265,3,7
A0428,HelpIndia,200,108,92,588824,878577,5452.07,6264.09,327131,89,34,A0265,3,1
A0429,Divya Patel,205,105,100,1446585,401262,13777.0,15896.54,399770,78,37,A0431,2,6
A0430,Neha Verma,175,96,79,1103658,673353,11496.44,13138.79,320328,110,36,A0474,3,5
A0431,SmartElectronics35,271,102,169,226593,1247949,2221.5,2545.99,4881,66,28,A0466,2,0
A0432,Nikhil Kulkarni,169,87,82,697816,1537836,8020.87,8722.7,192040,84,30,A0422,2,3
A0433,Sneha Verma,202,104,98,6772608,6953677,65121.23,76961.45,454945,207,46,A0145,3,47
A0434,Divya Nair,188,96,92,1086483,1346241,11317.53,12782.15,465747,59,36,A0205,2,4
A0435,BWSSB,232,94,138,244908,2142985,2605.4,3061.35,4909,203,38,A0249,2,0
A0436,Priya Sharma,188,97,91,1001146,818543,10321.09,11641.23,354487,57,25,A0106,3,4
A0437,Charan Patel,191,98,93,642497,1111465,6556.09,7740.93,157614,78,41,A0279,2,3
A0438,Rohan Gupta,168,95,73,1132213,458177,11918.03,13165.27,402284,96,36,A0232,3,6
A0439,Meera Verma,183,101,82,1247173,1122583,12348.25,14013.18,342972,107,33,A0470,3,5
A0440,TechWorld75,289,100,189,1698432,1558276,16984.32,19522.21,493177,73,37,A0426,3,8
A0441,Varun Shetty,160,86,74,721818,737464,8393.23,9754.3,416400,67,35,A0082,2,2
A0442,Rahul Reddy,188,105,83,1041564,1173315,9919.66,11321.35,451189,152,37,A0257,2,3
A0443,Rahul Patel,185,104,81,7110630,4428516,68371.44,77289.46,199468,165,28,A0030,2,56
A0444,Arjun Shetty,179,96,83,999274,1146942,10409.1,11756.16,484189,311,29,A0191,3,3
A0445,CityPharmacy63,257,74,183,979637,2434443,13238.34,15071.34,225392,175,31,A0287,2,5
A0446,Prime Industries,197,108,89,1351047,1273854,12509.69,14685.29,353036,156,34,A0061,2,5
A0447,DailyNeeds29,316,100,216,535601,4030757,5356.01,5951.12,257887,56,39,A0343,3,2
A0448,Meera Singh,199,98,101,925426,1511444,9443.12,11016.98,265297,63,16,A0098,3,5
A0449,Vikram Shetty,176,99,77,1609632,209572,16258.91,18085.75,432012,61,34,A0037,2,6
A0450,Meera Gupta,180,106,74,710231,289374,6700.29,7891.46,198147,76,35,A0301,3,3
A0451,Rohan Verma,151,83,68,880757,654343,10611.53,12065.16,275440,61,23,A0116,2,4
A0452,Sneha Sharma,195,110,85,397799,1116488,3616.35,4231.9,76151,125,40,A0015,2,2
A0453,Nikhil Shetty,192,118,74,1274420,374900,10800.17,12254.04,487470,99,41,A0122,3,3
A0454,BESCOM,292,109,183,840699,2577053,7712.83,8849.46,285464,93,41,A0387,2,3
A0455,Varun Nair,192,113,79,747813,868179,6617.81,7630.74,267352,211,49,A0082,2,3
A0456,PassportOffice,179,94,85,623203,1623351,6629.82,7508.47,237726,92,42,A0007,3,2
A0457,Kiran Singh,158,93,65,5231934,3395969,56257.35,59453.8,198072,177,29,A0405,2,37
A0458,CityPharmacy98,279,91,188,1780636,1754796,19567.43,20948.66,398808,65,29,A0375,2,6
A0459,Rahul Sharma,186,86,100,1027954,862492,11952.95,13525.71,407082,58,33,A0043,3,5
A0460,Amit Rao,194,110,84,1975139,981143,17955.81,20790.94,498801,71,40,A0319,3,9
A0461,Meera Sharma,182,112,70,1127475,492142,10066.74,11388.64,359222,115,31,A0487,4,5
A0462,Amit Shetty,182,101,81,1893127,1046438,18743.83,21271.09,380474,152,40,A0225,3,8
A0463,Neha Patel,193,114,79,951840,1540104,8349.47,10234.84,451620,62,42,A0047,2,3
A0464,Vikram Verma,180,100,80,760694,889204,7606.94,8743.61,169788,59,32,A0204,2,4
A0465,Priya Sharma,165,98,67,6794602,4959474,69332.67,83883.98,340455,139,29,A0130,2,48
A0466,Divya Gupta,171,94,77,1459046,902853,15521.77,17578.87,492491,180,27,A0481,3,4
A0467,Rohan Reddy,195,108,87,1105245,209754,10233.75,11634.16,206687,61,43,A0440,2,6
A0468,CareFoundation,180,98,82,1463030,348898,14928.88,18062.1,476148,106,22,A0019,2,5
A0469,Rohan Rao,175,106,69,1154114,1069056,10887.87,12967.57,438698,63,34,A0291,3,4
A0470,SmartElectronics19,293,103,190,1489208,2005595,14458.33,16546.76,461117,76,39,A0236,3,6
A0471,Divya Sharma,176,88,88,919602,468043,10450.02,12597.29,440852,83,33,A0384,3,3
A0472,MegaStore37,285,102,183,973755,1837892,9546.62,11875.06,464934,58,36,A0099,3,2
A0473,BESCOM,255,106,149,790426,1246255,7456.85,8499.2,425409,137,38,A0481,3,2
A0474,Manoj Reddy,186,106,80,2031405,199026,19164.2,21610.69,484324,68,47,A0075,3,8
A0475,FreshMart91,260,101,159,1268149,1380063,12555.93,14090.54,355015,52,28,A0481,4,5
A0476,Pooja Verma,182,108,74,2290546,988828,21208.76,25450.51,441829,51,31,A0269,3,8
A0477,XYZ Logistics,172,100,72,1565420,298320,15654.2,17993.33,448386,65,33,A0426,2,6
A0478,Neha Nair,170,102,68,1667596,638802,16348.98,18325.23,413160,109,26,A0285,2,8
A0479,Sneha Shetty,159,81,78,696634,1408942,8600.42,9413.97,191152,155,27,A0119,2,3
A0480,Varun Shetty,176,93,83,752809,889767,8094.72,9180.6,257740,92,31,A0047,3,4
A0481,FreshMart34,313,100,213,1055250,2264755,10552.5,12129.31,370588,136,33,A0198,2,3
A0482,FreshMart52,262,121,141,2134636,1416788,17641.62,20329.87,418777,60,36,A0249,3,9
A0483,Sneha Verma,174,100,74,5596337,4414691,55963.37,66623.06,244065,229,34,A0199,2,44
A0484,MegaStore60,285,87,198,898352,1903853,10325.89,11371.54,420283,123,32,A0397,3,3
A0485,Asha Rao,166,91,75,839488,544289,9225.14,10762.67,206595,171,32,A0270,3,4
A0486,Charan Singh,186,108,78,2487344,686183,23030.96,24873.44,448972,104,34,A0328,2,10
A0487,IncomeTax,158,85,73,1278200,441129,15037.65,16600.0,488116,79,29,A0442,2,3
A0488,Nova Solutions,181,111,70,1114637,240909,10041.77,12115.62,490587,97,40,A0070,3,2
A0489,CareFoundation,168,94,74,323807,853729,3444.76,3997.62,74663,76,27,A0470,2,1
A0490,Asha Kulkarni,205,112,93,1429033,748201,12759.22,14581.97,421146,82,39,A0409,3,7
A0491,Rohan Singh,204,131,73,8414475,5334647,64232.63,80137.86,385966,94,53,A0464,3,61
A0492,Arjun Rao,163,95,68,979941,1009008,10315.17,11394.66,396129,58,37,A0494,2,4
A0493,IncomeTax,170,93,77,1108116,1058279,11915.23,13513.61,378573,64,38,A0188,2,4
A0494,Deepa Gupta,190,94,96,727636,887224,7740.81,9210.58,267821,63,32,A0309,3,3
A0495,Manoj Shetty,198,114,84,1015041,938026,8903.87,10464.34,318727,71,36,A0362,2,5
A0496,Anjali Reddy,167,85,82,706331,839121,8309.78,9417.75,195548,70,26,A0453,2,4
A0497,Meera Reddy,169,92,77,1292225,755771,14045.92,16782.14,381674,63,33,A0319,2,6
A0498,Neha Gupta,193,113,80,1427603,647012,12633.65,13996.11,415129,132,36,A0024,4,6
A0499,Priya Reddy,183,102,81,882787,693613,8654.77,9700.96,405545,80,41,A0475,2,4
A0500,Arjun Gupta,209,123,86,2083607,1578061,16939.89,19656.67,477089,106,41,A0187,3,9
